pathway	description	100CHE6KO	101CHE6WT	102CHE6WT	103CHE6KO	104CHE6KO	20CMK6KO	21CMK6WT	22CMK6KO	23CMK6WT	24CMK6KO	26CMK6WT	30CMK6KO	32CMK6KO	33CMK6WT	34CMK6KO	36CMK6WT	81CHE6WT	82CHE6WT	84CHE6KO	86CHE6WT	87CHE6KO	88CHE6KO	99CHE6KO	9CMK6KO
1CMET2-PWY	N10-formyl-tetrahydrofolate biosynthesis	1289.7450894367018	1485.2474126623338	1233.5907728103095	1542.2833772688157	1495.8337368647874	1550.240501619462	1328.044602121458	2559.5140987858226	1826.026510473332	3077.7067319034577	1804.1187357874776	2900.336191454829	1257.9647066792484	1759.7256547805468	1030.3146406686935	1791.9437255924363	1258.14971995966	1327.3406192344253	1885.3069312443831	1613.5009139422882	1946.6961690511573	1076.8302824062912	1808.2298765456792	1435.1271865614074
ANAEROFRUCAT-PWY	homolactic fermentation	904.7454568107122	1565.5452956184647	1227.623145327921	1377.915438939233	1278.0179698072686	1514.7913266679277	1116.1682256212011	2659.939039891265	1447.8957671039743	3152.3021164661204	1907.1448173325105	2839.646202242102	1463.0623521401228	1764.7484780841685	948.2389559069948	1738.789113445696	938.0261839585788	596.5036419801236	939.0989376151348	791.4387240844657	1093.9894034280917	1074.762816798732	1424.2995373054089	1418.6621474502272
ANAGLYCOLYSIS-PWY	glycolysis III (from glucose)	1501.0804209021112	1805.327088107399	1544.3205598387312	1853.7760576872115	1762.176937353776	1888.0894074363916	1562.536663414621	3127.428059403779	2258.794187957166	4017.403657544763	2239.569171589584	3427.5825084042426	1551.3881981991317	2113.8934698131843	1209.85541074991	2307.7784148703217	1461.9502532854494	1569.5937974724466	2274.2492335305624	1895.0821338366973	2306.7129359116616	1259.8949651886364	2125.9362940191118	1982.95060933712
ARG+POLYAMINE-SYN	superpathway of arginine and polyamine biosynthesis	0.0	49.33906351610084	45.65590263413732	32.490105152017776	32.62666373217296	0.0	0.0	0.0	0.0	0.0	0.0	0.0	0.0	0.0	0.0	0.0	41.40523795931831	50.19862647063536	93.36851604451594	7.686750038984811	31.626190390121675	7.51017684966524	11.72516267063275	0.0
ARGORNPROST-PWY	arginine, ornithine and proline interconversion	63.48429851645456	102.02000649112412	34.70003381805884	0.0	24.88280700154722	0.0	0.0	0.0	0.0	0.0	0.0	0.0	0.0	0.0	0.0	0.0	17.477100730133937	46.97701796416195	65.80980633932941	49.95218465126802	26.710716105292956	22.70837752525572	117.32375897699022	0.0
ARGSYN-PWY	L-arginine biosynthesis I (via L-ornithine)	776.4560376478792	1081.0182596775485	863.273854225457	1149.4006207193363	756.4376321505986	982.5706545929488	823.1788108994713	1364.2215558845858	934.3939363485376	2210.5346913669555	1375.792247705514	2237.163401460368	322.85789455961225	972.3942617414024	661.9381619384535	870.400285298058	670.0482207404906	310.8071299653714	410.2977223284078	637.1011983389359	825.5044367246451	874.2525297696932	1190.9486843971688	855.3550805618315
ARGSYNBSUB-PWY	L-arginine biosynthesis II (acetyl cycle)	570.2451384096555	973.04591270494	778.54596506794	1011.7630465331874	596.3205319882754	839.4050960525267	514.1279655566465	920.368679879585	582.6188136082587	1642.5588505363903	1105.8693563316504	2253.563489567632	138.85033072449397	728.3004913994467	448.4388106453664	567.0938450567436	386.45923677461286	222.9471424387596	274.11219021204124	476.66598660361456	627.2027859550121	518.7387551906975	894.4711055342609	678.1244184211868
ARO-PWY	chorismate biosynthesis I	705.1088077964318	1433.2828387845088	1175.463181527108	1373.6768592393073	1200.9786043186652	1183.8674486722016	523.8198618699153	1327.1807759349529	892.1320666016678	2009.131092133774	1261.604823690963	2543.984178871798	50.01350335149289	1065.3381943277975	495.4615239490496	908.875483526142	478.2747135562096	448.2043930492608	667.7593877729557	756.4755235719989	1098.1642748710112	109.23197091727276	1270.5346574079442	1053.6671035223476
ASPASN-PWY	superpathway of L-aspartate and L-asparagine biosynthesis	1459.138702596881	1709.4850560083607	1466.292610333473	1494.4875059228168	1772.9797151808366	1800.369236616976	1500.7068452968251	2974.321983019244	2248.5840424518083	3841.639382421164	1965.4057737847995	1992.2477267961483	1481.454150645982	1994.175640201525	1051.629045747221	2338.8402458519786	1494.691956293378	1688.8127615580895	2477.9759494553764	1956.517685886914	2365.5442205196537	1185.1359683933108	2057.313479921126	2050.9221302666074
BRANCHED-CHAIN-AA-SYN-PWY	superpathway of branched amino acid biosynthesis	1554.588021814175	1892.07519680712	1559.4277255259806	1864.144893327804	1836.4126259916948	1753.9898983221	1519.262835954573	2722.6227896296336	2159.36853038685	3689.430810882624	2008.7773701516423	3262.4729546411063	1108.1967900482116	1859.576424287632	1140.4380196516188	2092.2535503587637	1535.634986254392	1598.6205264600594	2306.238746551988	1919.587431640263	2322.372059015753	1362.8744050595767	2250.729423338676	1852.285812376698
CALVIN-PWY	Calvin-Benson-Bassham cycle	1498.3001063716526	1519.7393787277774	1475.256119270276	1805.3438556664248	1651.5440546227846	1938.932675280149	1508.9678640418622	2897.161620946209	2219.3400563428518	4214.20688285888	2202.6897909349154	3315.764620239445	1230.125403684598	2039.029660554669	1102.525299281778	2330.5432635260995	1468.476812445699	1587.1919730622944	2321.045395637916	1930.5089765646933	2363.53762366703	1282.3383015989084	2044.1497531952236	2237.8304084127194
COA-PWY	coenzyme A biosynthesis I	1245.6583427993714	1487.83	1235.9310068648583	1252.1571203005471	1489.4675897921277	1567.7916127654914	1380.3723439680134	2716.1532631086097	1907.4149300841937	3156.978181292513	1900.119167061063	1993.7353136518232	1396.0027534448147	1800.6853589705795	1022.9385989062412	1807.902026733009	1254.680977932564	1323.035341942667	1864.696082443676	1613.5996355064508	1944.2909975011053	1074.4620923367593	1794.761936268744	1369.179244506162
COBALSYN-PWY	adenosylcobalamin salvage from cobinamide I	571.5091578263693	674.2393441975944	719.7883640786539	876.6725830606246	556.5949745624841	490.25350880904944	216.7402711232804	411.516105567393	245.22489985851027	812.1780291944724	593.5756921093437	1514.868178562903	46.98149320605854	362.4583375767626	202.1289933198705	247.29109099609144	380.9749888986573	435.62042329184806	726.9946329734879	746.9203940804093	991.9397274189452	439.0474124545957	776.5865855642211	360.8863289457128
COLANSYN-PWY	colanic acid building blocks biosynthesis	387.9620916173181	972.5949678793936	652.1581266433437	654.5152753596248	809.1564079070577	656.2820740112728	762.8920793400973	1873.2368570663525	1067.619987204372	2178.422198200689	1285.9513739732083	1155.0555258344334	1050.327262957074	1216.6142666309738	664.3402062455137	1298.2059537384573	482.37466716003786	261.55388869551115	446.13818259062725	191.24494633721145	236.0248282722799	574.3649624187641	984.2649083288966	708.3409909320678
COMPLETE-ARO-PWY	superpathway of aromatic amino acid biosynthesis	775.7830622015485	1518.1927135594285	1242.5399833356569	1466.8535122104106	1286.1640915086227	1280.4672832656984	581.5583181020971	1457.6314633685693	986.6027609024172	2196.8074722434467	1369.77524601679	2723.133711469212	56.93311658838884	1164.1095947788206	546.255251224243	1003.9674484166374	532.3652330833021	500.56534843420127	745.0608341454845	837.4995246575521	1207.883726612045	123.9904721506948	1376.645547033202	1150.0438046994086
DAPLYSINESYN-PWY	L-lysine biosynthesis I	295.8582247059205	1018.1955724233212	618.1964673790943	590.458216229526	615.9550803994879	471.264918388686	307.8296694856651	578.3399405426319	272.2866447259702	1194.470297427515	801.1139910314872	1063.891718168862	33.03637552636421	569.6605047813723	298.26587200951286	355.7909942813119	189.9057845141411	171.68629311109058	264.91050382466574	158.45253866286086	200.1472684780482	72.90526334781953	684.5683273748824	438.2898989226964
DENOVOPURINE2-PWY	superpathway of purine nucleotides de novo biosynthesis II	981.5911159832752	1212.5402435433132	1049.4404656716674	1148.3212095408342	1226.9178758629018	537.6467720465057	829.1255611991144	1856.5080795023505	1061.2163179093834	1532.1385461398593	1090.462347838622	1210.076031353836	884.5395294305073	605.5152460072782	548.0900914765535	726.3189044019826	946.6522310690696	1006.4945125188784	1610.1668597599285	1302.4528120479015	1632.841382649674	926.1292257597707	1512.9561498247483	371.5687508348794
DTDPRHAMSYN-PWY	dTDP-L-rhamnose biosynthesis I	1398.7954464271843	1565.98240365186	1297.715247857543	1555.413177417288	1560.4035420652338	1555.072483389847	1327.7920316280097	2491.752668687191	1911.20824455699	3431.6319396614467	1852.353473132372	2793.994435692809	1248.243461066215	1834.379336810488	1042.9981719922175	2019.627297793308	1359.4666583462692	1458.8894720956507	2103.33422778337	1731.3952463161036	2059.6890965692583	1210.269111341963	1999.11974704377	1687.7755752840924
FASYN-ELONG-PWY	fatty acid elongation -- saturated	1478.093362598603	1424.5872949602474	1296.720573442284	1577.6900689938948	1651.6410456422727	1585.6956572784577	1469.1144065274204	2827.993652398888	2081.2269076435755	3431.098918054013	1879.653746344816	2626.156563083287	1311.0139357643789	1754.6474525284352	1083.9765522032624	1999.630023485972	1457.3317366211363	1584.8924948924082	2337.145847659215	1915.698036911018	2314.093156950168	1293.2030492322788	2059.574582910737	1698.1797929541062
FERMENTATION-PWY	mixed acid fermentation	331.0388160997458	286.4101115064042	628.6541001754802	611.897614790296	41.204120767118056	466.4612177247148	361.405646240276	997.421875386991	575.0271326158066	1468.2070333063823	964.6639879744693	1045.5743042729378	615.0276676039097	684.3977879231923	365.5785659617421	588.4426317294767	50.39899863342305	145.60251485068275	139.50457433627065	156.00938655608434	193.22622021384265	42.80638450011783	90.8459265548036	448.5443182140901
FOLSYN-PWY	superpathway of tetrahydrofolate biosynthesis and salvage	1206.104917335493	1455.1488013003284	1266.7772564863153	1314.591283722904	1487.6532583403136	1067.6152889336463	735.6424084002194	2290.9417583262616	1791.584684276118	3047.029595678608	1453.4292425061922	209.2222818822005	425.04311531250585	1467.9436189121566	281.1989732392571	1895.595852035296	1216.4177589310589	1373.916766363575	2043.59000693581	1634.4566446101835	2001.370023753185	1007.7608102471723	1757.286190961273	1613.5644804726835
FUCCAT-PWY	fucose degradation	0.0	0.0	0.0	0.0	0.0	21.992410348490218	26.72919670983549	240.19656005249564	154.63589018513824	149.59940286663084	148.22988505747125	0.0	0.0	132.70256348752258	30.609803861711065	138.7538776040164	0.0	0.0	0.0	0.0	0.0	0.0	0.0	3.552457268009332
GALACT-GLUCUROCAT-PWY	superpathway of hexuronide and hexuronate degradation	916.7684870402468	967.1532844332932	735.5629528278253	972.8740025625968	1054.4666548317684	1205.329738410745	1072.311439151303	1578.7643929267592	1276.4293233137992	1944.531965288612	1174.4705318646445	2178.914871599806	874.13534002498	1240.3494400794475	853.6308867423772	1098.2072976953625	937.0502822163272	940.205881699788	1165.8280172724687	1106.958564952528	1272.7224153070017	735.6320739057937	1214.9490853443697	894.6805659663208
GALACTUROCAT-PWY	D-galacturonate degradation I	1008.527967562992	1069.1531730482727	906.1492483526556	1228.709548646034	1124.470648012111	1431.8858899094678	1128.1662192725596	1767.8487615850156	1408.3546007615732	2342.2600423363224	1386.444573054825	2725.843319669006	930.629619213295	1413.5483956249598	899.614257146694	1274.837041610856	991.4417266019587	1017.0270113593402	1276.672605077776	1242.925528127245	1470.6706806190175	773.864972249116	1287.944436107274	1152.2729351343978
GLCMANNANAUT-PWY	superpathway of N-acetylglucosamine, N-acetylmannosamine and N-acetylneuraminate degradation	237.71123637708249	783.6889216119761	610.53073694884	729.2153641793052	406.43616308290376	904.140711844414	565.8920844813598	1557.356067366794	661.6838614557221	1421.693622846784	1033.5033446873583	2099.1814497485425	973.8712050443032	744.0575649693563	428.8023483917445	617.7985706883346	121.549085268894	178.8387649882544	281.915996340455	296.69573256855506	426.4719448743185	42.54092253896911	353.38845369245763	676.375583773581
GLUCONEO-PWY	gluconeogenesis I	1461.6868030598262	1510.8387794052203	1304.7912850078728	1606.11130090054	1623.7603864458556	1745.2566570728625	1553.863817220575	3049.575824884108	2273.800126281212	3843.154112114789	2059.5249160487165	3015.6892960593327	1460.0435565813102	2029.0151317015004	1171.4214664394538	2300.348304467872	1468.9405068190515	1587.5268701505877	2296.418515611549	1879.7781867927508	2259.169703462101	1268.1093737492895	1995.808298239134	1915.5677816037503
GLUCOSE1PMETAB-PWY	glucose and glucose-1-phosphate degradation	0.0	0.0	0.0	0.0	0.0	33.003234363828064	40.78126368237279	376.3618408737384	253.85920657199475	225.51999329931988	221.32793334876183	0.0	0.0	200.0100770639596	46.38479809733269	214.88441549273176	0.0	0.0	0.0	0.0	0.0	0.0	0.0	5.331823905862922
GLUCUROCAT-PWY	superpathway of &beta;-D-glucuronide and D-glucuronate degradation	941.579133576022	1000.6289789007296	735.694194885812	944.3342374108277	1117.3683060044364	1174.1226730443711	1079.0934442132552	1631.5906222647263	1328.590284927487	1975.7306734777696	1167.5792755575617	2040.720339488285	906.2699458249792	1261.6973059563277	852.575260952949	1159.1277253023327	987.217250694468	1000.3033044358934	1271.7366745606255	1148.2654222964934	1311.880705150797	776.1934149201023	1282.0367012865347	894.7708762893581
GLUTORN-PWY	L-ornithine biosynthesis	1223.3131313131312	1163.0026239475726	1025.183521169662	1229.3510530322253	1402.152770113674	1251.569243751186	1170.9993782208687	2059.8475486269253	1737.806660693935	2749.0987572555105	1365.817318691375	2224.400491688129	884.907806171924	1446.111632310447	867.4845506588305	1717.0265549067217	1262.2328024901694	1365.9945380302113	1973.0621679444755	1591.5522189419366	1902.0698576972836	1063.0133476519416	1699.939728682641	1438.5316689543247
GLYCOCAT-PWY	glycogen degradation I (bacterial)	1431.6572115352324	1732.455005134455	1473.4513511134976	1774.2622295519525	1715.5615316346286	1758.1413299224328	1439.9707212741969	2689.825741741409	2056.960552659289	3515.952923136225	1942.6816807887465	3329.8619179737825	1164.3878482983555	1847.252868846812	1090.94781252601	2012.400464300035	1410.3692051235844	1505.2338879938418	2171.2353554440915	1830.3000810769663	2238.8521190231954	1180.7405437000657	2009.4093044629965	1796.4259947092298
GLYCOGENSYNTH-PWY	glycogen biosynthesis I (from ADP-D-Glucose)	717.641285818308	1377.7506365851953	1143.4237425248664	1591.3422494018596	909.6436100720988	1365.9789009154013	781.3631946622916	1709.0547472303017	849.6816554818367	1961.9663330416945	1309.8948487431976	3135.904069892122	772.5725399763068	896.4388133240801	742.9029492972518	626.9670673823323	287.2847051410162	375.2089625071975	561.1900349358875	692.6743975895607	988.9883501645688	94.9929233777132	865.6186715273492	1135.5265592299677
GLYCOLYSIS	glycolysis I (from glucose 6-phosphate)	1359.0284086731522	1659.2419498404415	1379.7120875476585	1601.4466055490966	1679.8068161270803	1793.6295441114298	1572.1989358698302	3046.3303665666085	2207.095433661736	3797.986885068005	2192.8143184449773	3133.586795405225	1466.474301072336	2062.7429983132315	1208.6585161981552	2210.169077134148	1370.121263151609	1437.5830917930575	2018.879366489098	1658.4162017308745	1954.931255460899	1174.901433800795	2003.3477371785984	1748.765975490605
GLYCOLYSIS-E-D	superpathway of glycolysis and Entner-Doudoroff	851.4877158495004	0.0	160.7392714039535	777.2346825790548	446.68520264040455	307.7623808905633	1007.3956764873512	468.3764877364336	408.17904656459336	2125.956766891943	1276.6441538776205	1824.444547541908	620.8689705848034	350.929189773786	770.8458585240028	294.906709576228	880.931311761008	260.2401642934835	231.724997091533	507.6466831609714	467.6039416528284	985.097960653206	1314.640130107913	438.26675312709307
HISDEG-PWY	L-histidine degradation I	431.0	55.330000000000005	352.0	379.0	373.0	181.0	91.0	530.0	501.00000000000006	941.0	240.0	19.0	50.0	284.0	7.0	699.0	407.67	603.6700000000001	1085.67	735.3299999999999	940.0	362.67	514.3299999999999	678.0
HISTSYN-PWY	L-histidine biosynthesis	1407.2844231730492	1597.991424042278	1335.2392506579497	1617.051254515279	1634.9353764623595	1565.8682669508537	1350.5870966537093	2361.4849453033435	1944.1655182148809	3271.888221612098	1745.547497180533	2818.995397871924	970.2770185790432	1697.9894991514593	1023.1132132713972	1909.2054780613305	1403.9290922627006	1477.8573420696	2114.281084223056	1761.9915370793003	2119.965942623167	1219.561303615188	1995.5394027051411	1661.6794241806322
HOMOSER-METSYN-PWY	L-methionine biosynthesis I	201.83975135133431	0.0	20.76922785805495	154.02324523471367	66.98443171873943	41.23936000729472	242.2157754763772	61.88184425685263	55.85040137015434	467.07993301838366	288.83807904130185	396.1990302013186	103.40305716939385	47.03603011176102	181.33810982980376	38.440180812060056	216.45220436042976	35.39093990834918	29.70513528645413	78.46011473638798	67.46814525849788	400.0888298555775	343.7404947962334	64.25430188840804
HSERMETANA-PWY	L-methionine biosynthesis III	204.78382254384837	0.0	20.79924112310832	155.64116405356197	67.12872380099914	49.04147509804745	243.07016169631584	518.4531807495289	356.47417760542504	471.834034899182	312.4818965415676	402.0383590063639	102.77749041332956	283.0566455748149	182.8148393550028	304.251145343731	218.68066480555308	35.44979563225853	29.73684417113918	78.82098784850791	67.7032310739503	412.6713281103397	348.37555691946983	64.38390553139645
ILEUSYN-PWY	L-isoleucine biosynthesis I (from threonine)	1596.8486770398658	1861.0024987579827	1571.9400705333371	1905.7419254864749	1843.6542746443183	1813.612651949023	1554.6712757492633	2743.799218548485	2186.458370894568	3777.892238040562	2043.7876798542864	3390.462337283611	1132.2348252901168	1896.6740879891884	1167.4485925661825	2128.486371375638	1569.9365294700838	1639.2366683842308	2361.057219988691	1979.4846745571097	2395.304561532294	1397.7628707904091	2272.962283967009	1916.215881746795
LACTOSECAT-PWY	lactose and galactose degradation I	0.0	14.302114803625376	14.18631492168178	9.448818897637796	9.5125284738041	97.14285714285714	158.85714285714286	442.2857142857142	171.42857142857142	126.85714285714288	123.42857142857144	194.28571428571428	268.57142857142856	22.857142857142858	73.14285714285714	53.71428571428572	14.87719298245614	33.220338983050844	65.221269296741	14.545454545454549	14.06060606060606	7.578947368421054	3.187739463601533	54.85714285714286
MET-SAM-PWY	superpathway of S-adenosyl-L-methionine biosynthesis	293.7459260509798	0.0	32.08717783870394	229.445357937335	102.35338359915342	63.41999429878741	350.8057257626276	95.39561899543382	85.86403329272217	685.9380408613224	421.58308158920215	578.6314627962195	156.61424303453825	72.36052598338796	262.7479554096228	59.31504374097072	314.1649637163811	54.45351642563998	45.91760289987295	119.54051423764533	103.40924454935708	537.5962135248807	495.4730417803517	98.29878553404149
NAGLIPASYN-PWY	lipid IVA biosynthesis	1217.777777777778	978.6999999999998	887.2222222222223	1048.3333333333333	1381.9444444444443	1143.0413076132977	1195.0130935689865	2258.5582107189757	1925.6028975978684	2718.5867684417744	1325.2282740256594	1342.5000000000002	954.1666666666666	1509.2668575790033	871.763510159631	1878.4347846211977	1315.1888888888889	1468.2444444444443	2130.188888888889	1643.7	1933.3333333333333	1064.911111111111	1669.5333333333333	1393.9128069335673
NONMEVIPP-PWY	methylerythritol phosphate pathway I	1388.607362383417	1502.419390226481	1353.1875337772667	1667.7290963324258	1569.7858012433794	1653.0592817450658	1333.878881001976	2481.901462725053	2005.8142898805784	3497.80406308463	1836.9200813745692	3004.659719584242	979.4353590145064	1760.4182271719749	1002.0194646025384	2026.7700628857783	1372.338551341782	1477.6356829116198	2146.7553418430025	1775.7106534897016	2160.7028540649044	1183.9483298391583	1903.6811075486469	1833.1481136319424
NONOXIPENT-PWY	pentose phosphate pathway (non-oxidative branch)	1507.4468043451384	2058.373306098937	1722.5426550463062	1937.0067228579	1854.0073825762677	2060.86842442652	1475.5840015064105	2753.1232794980783	2011.5740256250924	3994.089401139616	2260.5029976826504	3541.5069588838646	1016.0690682762676	2053.6840164373725	1080.5418314805688	2109.1601550110367	1406.582299550064	1505.4823225275145	2165.1502941322105	1909.7726412282436	2369.462476937155	1172.0129817345105	2164.4612992436964	2068.702969724595
OANTIGEN-PWY	O-antigen building blocks biosynthesis (E. coli)	419.0374229708734	888.6347963716408	585.2547665852146	960.9344725014784	564.9862341773976	483.8292602457057	511.8165946047855	1168.8005870351928	496.8288277861155	1347.431772578764	882.7421884270805	2163.761368282462	850.550337009679	677.352426667933	467.49659435343057	597.6455123865168	329.9123330272069	202.0189424958313	332.65221897623275	174.27729750093604	218.18084784333337	394.7850821866642	689.7129310698224	460.9849061832982
P108-PWY	pyruvate fermentation to propanoate I	1439.579914087028	1342.116906135034	1059.8144933688068	1284.8705758421809	1643.5814527805142	1352.7193207924863	1459.5892701763487	2355.5919118500383	1908.2315790862715	2567.413273921538	1546.8970937880465	1934.690271873716	1215.6699702343883	1686.7164627751597	1143.5838604549458	1650.5697846623686	1471.1295567029083	1539.1963051260077	2117.071890118936	1828.046172948938	2140.410652952311	1239.646617613485	2019.830003476326	1043.0301125937926
P122-PWY	heterolactic fermentation	0.0	30.97221045095489	30.715165778569848	20.723771232151456	20.749073940166166	381.58897689903927	417.7422566196831	1248.9849426438504	509.01123898721977	1000.7907668579364	692.3748372179977	591.2109446757211	983.9940077766482	625.3129148632008	339.326407840954	602.6164521359128	34.04197923799979	81.89349068062738	155.9172659590231	40.86701690371689	34.318917701033435	20.59447100741886	6.976147365215469	339.03537189210965
P124-PWY	Bifidobacterium shunt	0.0	35.53298009556693	35.408413275881074	23.7703276848194	23.78312847420527	445.1408480562283	487.1848109126154	1495.8778107533387	606.0127279237611	1196.672587320997	815.2818315991066	683.7484635185037	1124.8659559087216	725.0631061643641	388.7130544615077	724.1728722713278	39.261096137162994	95.77072974137786	184.97444567009248	47.14428246307261	39.50470907872117	23.68355709141795	7.979387206875456	410.1684488370941
P161-PWY	acetylene degradation	188.6914546640574	830.082213755765	418.8467815049864	366.9305662311043	488.152456379161	273.32769896703286	435.0617170115775	974.3052248587323	371.349180728316	956.106586742584	662.7736531505807	635.3608311948426	865.6028693832818	449.3411796678199	341.0260481022454	426.6557580778791	245.29962073324907	116.28308046859996	201.42213677561116	81.79637726420987	101.18186555497655	327.30117001300016	590.0306190795139	257.2154664964333
P163-PWY	L-lysine fermentation to acetate and butanoate	54.85278511233109	83.08473536146818	27.26491404157651	0.0	19.68836237905422	0.0	0.0	0.0	0.0	0.0	0.0	0.0	0.0	0.0	0.0	0.0	14.477654704680782	44.52717201921698	63.20761876258099	42.3688242428964	21.20067710876204	20.365850310513697	103.447868955065	0.0
P23-PWY	reductive TCA cycle I	0.0	0.0	0.0	0.0	0.0	267.8396120524429	92.49005309826146	434.7332647442199	210.16829570443085	1151.424226118385	696.3334766938449	193.99118226075868	132.7669418089168	331.49114665164007	242.8019379820748	276.4514545323663	0.0	0.0	0.0	0.0	0.0	0.0	0.0	374.91251116165984
P4-PWY	superpathway of L-lysine, L-threonine and L-methionine biosynthesis I	235.5619401707008	0.0	96.8967142040556	397.45637716328434	247.4438048710801	0.0	0.0	0.0	0.0	0.0	0.0	0.0	0.0	0.0	0.0	0.0	178.25354576961797	99.20463069864812	108.5759621854616	79.61861439506016	117.44554305998076	43.90170107795056	560.2450970714735	0.0
P42-PWY	incomplete reductive TCA cycle	1708.786027873849	1577.0662741355752	1326.411006082637	1689.8584677085537	1915.897819826219	1708.026352079297	1718.9605636192257	3058.7146142765077	2462.9509368259573	3881.3441458266375	2038.5393918753664	2703.858031512405	1378.549585620745	2054.2701994391787	1341.2073649526922	2394.847079295386	1743.324647336238	1837.625750959108	2634.7683606422124	2112.191094852896	2490.263213684272	1523.2124626002094	2404.06758534967	1946.441749916149
P441-PWY	superpathway of N-acetylneuraminate degradation	391.6666585574979	0.0	271.83067575997336	755.9479497825291	519.5718513900605	432.4216828267162	752.2238825908478	740.7325677751555	516.6176551676175	1773.3340684569716	1185.934913523846	1516.471972758273	753.6855511107735	493.99718452611376	587.5551947338193	418.5736273632376	292.5615224242288	241.6475770801047	288.4900346521852	248.05735711339847	308.3497763424263	127.9589230766572	733.9580264652672	506.98272997003926
P461-PWY	hexitol fermentation to lactate, formate, ethanol and acetate	51.27506702412869	0.0	98.24979623305713	285.8423784804153	255.5785904849759	154.2222722085014	282.95683760909395	280.9029321463587	207.3085254027572	718.6632301113838	515.026530904919	392.4771082636168	409.5623532808517	195.5567651456421	229.8939688340432	165.052514965565	102.45099134036585	94.22334068537452	110.6664894128688	29.80149890383284	57.41414141414141	17.881873065933462	383.90790137376496	196.9962354711707
PANTO-PWY	phosphopantothenate biosynthesis I	1139.936056838366	1419.2935440480985	988.171518987342	1116.2337042925278	1429.6270065707397	981.234821311788	1148.676495827036	1745.638901472558	1394.7311456470247	1956.1105732454712	1218.622225230103	1544.8047409095411	967.7665772487215	1242.825519989941	906.1723489178828	1172.0783366307994	1173.193645297109	1163.0594937803896	1605.3798563815656	1379.5920072517954	1620.571877866597	1040.9374396732412	1750.6621398967554	718.2902380992208
PANTOSYN-PWY	pantothenate and coenzyme A biosynthesis I	1178.257878073797	1446.4390149739534	1075.0306322616088	1160.254511476542	1451.7525322484137	1154.584903090639	1229.584400539849	2021.7638680420189	1548.2903980069736	2294.607798633332	1414.75314103437	1683.964159533152	1100.1188256116477	1407.7645767101376	944.5700882209472	1349.0894513004437	1202.6366949796682	1220.4026830455846	1696.3323479688677	1464.0399718580495	1735.8547947413838	1051.7540776527767	1765.9348113081558	885.5591044857046
PENTOSE-P-PWY	pentose phosphate pathway	388.7560940102302	1051.2387986957192	703.074955611729	423.545536144538	650.1186576307648	926.9822753691756	309.6902473973628	555.2362879448908	275.34544709977223	1262.35661930351	846.6874762343101	15.918082055499887	0.0	601.1828525921123	7.952420124619823	357.97866358731625	221.08489195773865	297.64820558778865	398.0156119071393	527.757084904152	683.2919696504147	104.17094087794426	734.7460196572697	698.1721058520045
PEPTIDOGLYCANSYN-PWY	peptidoglycan biosynthesis I (meso-diaminopimelate containing)	1340.0245649948824	1533.1773522667136	1309.6127542572	1588.6798237148678	1562.294668311753	1669.9474471474816	1446.9471757183403	2839.67906082341	2032.7277303045355	3563.567032882612	1970.0446990959144	3009.88406350786	1483.5226029000892	1869.1930700724	1101.3542303172214	2065.558872442206	1337.990711040964	1433.335875201333	2078.6858354589363	1706.136345256819	2063.541698844753	1154.988486704979	1886.108050810859	1761.383128283558
PHOSLIPSYN-PWY	superpathway of phospholipid biosynthesis I (bacteria)	946.9487537942342	1299.473631009087	1172.4810099929064	1408.2643839938678	919.092778210616	1574.6464261499675	1181.0221701423782	2539.913011109473	1574.9645731060823	3280.6771534083155	1953.4386576221343	2742.498998418921	1360.124622361668	1723.664965770609	945.0098296854644	1694.1883716478906	719.5815497757199	594.1469656189377	819.8101029360606	1055.6683297319944	1373.3137062675469	823.5672049066509	1254.1675351446186	1516.3440561636642
POLYAMSYN-PWY	superpathway of polyamine biosynthesis I	0.0	25.249415245689544	23.44839204387025	16.49565328705802	16.695670750693406	0.0	0.0	0.0	0.0	0.0	0.0	0.0	0.0	0.0	0.0	0.0	21.76645623911752	27.323715100191983	52.85022047107593	3.868398518132516	16.142562261062864	3.782228872183047	5.897791595046088	0.0
POLYISOPRENSYN-PWY	polyisoprenoid biosynthesis (E. coli)	1278.047220928237	1309.5767191660789	1141.086479569684	1385.8640366332484	1506.3458487723328	1423.2918141402915	1345.2994945029943	2566.5704492317	1952.0658418248613	3232.122829199882	1727.8452218430034	2250.393273381295	1240.0344932473536	1704.6320994611633	1013.5825022632628	1956.4062318170932	1321.0947662675562	1396.1490689001312	2024.937818960277	1631.026564752891	1961.5011954911224	1144.289476835026	1822.4290065012904	1582.0807859179197
PRPP-PWY	superpathway of histidine, purine, and pyrimidine biosynthesis	0.0	0.0	0.0	0.0	0.0	192.4078362144703	248.58658320398743	1225.6997497796597	724.0549185820364	850.5267056303999	710.323682057474	0.0	0.0	325.25954294674216	233.6005051378679	479.3422747831067	0.0	0.0	0.0	0.0	0.0	0.0	0.0	40.928580960640176
PWY-1269	CMP-3-deoxy-D-manno-octulosonate biosynthesis I	1113.834671295292	880.8299999999999	800.2385692068431	956.6740289413558	1249.4213421887391	1033.1346692367597	1098.284784361989	2049.629863749108	1745.541433381954	2494.407520827849	1225.0113170731706	1241.7169891861126	867.7104483925549	1368.3851269234683	802.1043207945851	1700.3114348822085	1202.9314370550137	1324.3997056568603	1919.6602580702145	1485.9888494778536	1745.69355527102	996.7068071116336	1533.3199880062218	1260.0986090766776
PWY-181	photorespiration	288.7237069859952	0.0	51.86611142763927	280.60199003298186	151.4723622684941	67.39428639354561	338.7322523282944	139.30834880280307	120.6903106447444	705.9300960502723	461.2473509211801	534.254217305217	139.13284005916975	100.8563124418645	261.03696245584007	85.64048122893497	317.3939397240917	62.54816660979339	60.86474619455458	107.3634658723494	104.9575673411421	531.6569849763341	566.6942376380948	88.12166949081204
PWY-2941	L-lysine biosynthesis II	0.0	35.414737072520666	35.31423605472287	23.740660576279986	23.74162170419419	439.0306841285242	473.8683951616816	1414.0180388244796	589.1985989812309	1170.0731322977326	797.9116641441215	674.4193196092265	1023.6309973482836	710.4441041959844	378.8007146204224	701.4074945256683	39.17440930368952	95.22754542261715	183.37318017940956	47.06862251856376	39.461008865951904	23.659501556667703	7.976394692985083	401.6309617251287
PWY-2942	L-lysine biosynthesis III	1463.5887196803264	1633.792020752624	1416.2233715643742	1672.9884178799114	1680.605295473203	1802.0889122550352	1559.715005077211	3025.596671709636	2205.564766131964	3868.812628532577	2135.155157555245	3063.143673027561	1524.3388074689578	2023.100629603579	1173.4223299694386	2238.604489215972	1464.076723739377	1557.9081311274954	2252.866856350947	1866.6807706704149	2256.9738107137896	1279.390227809765	2053.9437936059826	1906.845184545333
PWY-3001	superpathway of L-isoleucine biosynthesis I	1568.3867422132555	1843.393370902513	1546.7386999669393	1856.9372560856195	1869.3739100479	1800.0250410058984	1580.3940993699562	2843.005731950416	2235.4660594522848	3778.5998601411857	2024.4073659537637	3235.486696243707	1235.4201379195308	1904.8232660794488	1178.3961619585152	2169.0168370098886	1582.7277703311472	1663.656410383066	2406.5888185038607	1980.798204085066	2401.5009532155063	1374.5246996225762	2242.120679036239	1924.277121919381
PWY-4984	urea cycle	60.84450402144771	741.4732498505332	405.4412504082553	296.6096290614697	401.28199598122535	115.22256054657552	35.81691798101602	331.6963475123823	84.25246320809973	544.81490862367	344.5683164177349	78.27480804187368	99.5579027249654	383.3294533822842	125.23301971606392	314.40355696798326	91.1865350324106	53.1270051342733	100.3042137353507	7.437275454117612	45.63885571556805	7.425710139077319	381.6159112950869	160.56606591689678
PWY-5005	biotin biosynthesis II	168.87094049945358	0.0	16.656506647567785	125.09357964396452	54.23240981821622	33.14457723061337	204.45074589501533	49.77172710303315	44.97231193129901	378.6817771553387	238.50602445351177	319.82193316724533	85.36535151582206	37.90242854251844	153.9221037024632	30.836296269229745	181.62577509908743	28.508931703200595	23.848794553388128	63.59150636812221	54.44158253582775	354.9040684711151	290.6497601321426	51.19490639154206
PWY-5022	4-aminobutanoate degradation V	0.0	16.280840163639876	13.620137299771166	0.0	9.273150715315516	0.0	0.0	0.0	0.0	0.0	0.0	0.0	0.0	0.0	0.0	0.0	11.8078099284394	30.792390599967096	53.40850200919801	17.640678405149494	13.138997511553502	8.95179437238407	3.923173340194714	0.0
PWY-5097	L-lysine biosynthesis VI	1403.5367328584236	1611.2111351535452	1351.5485906102258	1671.6263079611526	1614.6776368393462	1706.387878343784	1505.4906254664627	2789.9820025749004	1978.3017321144348	3420.6294694779995	2015.281614448894	3168.5755969052493	1492.383963148415	1890.53936302798	1156.8553503280723	1908.1465213206384	1377.0708509642477	1437.2769468286258	2033.1118267485492	1761.483308314985	2123.927273418973	1212.6639732127785	1980.897523911344	1560.480295637902
PWY-5100	pyruvate fermentation to acetate and lactate II	1402.5339071605797	1761.9305974474769	1503.169569944945	1799.0727041012408	1663.9302980738576	1669.1735186166468	1406.8285731971816	2615.323993482448	1980.921102651418	3419.2970093442154	1869.9560413096112	3473.3889473751165	1462.0376809805025	1773.018055731677	1145.7433783020886	1948.5899170443647	1360.8654893010548	1449.7463549797192	2104.7443512525874	1729.4178519845916	2109.335740250603	1157.3630121209846	1977.1477971402685	1745.9190091144276
PWY-5101	L-isoleucine biosynthesis II	1739.608522795955	2010.062945689621	1700.6574359503047	2094.5149054922194	2004.1627094543248	1966.7092794797447	1684.1382227881295	2973.528048211413	2379.4175531802885	4100.753577780487	2213.01943925386	3761.973764713503	1224.258748028812	2067.093259077445	1274.2259284356037	2321.1184318380624	1708.5433976336417	1787.0147289861115	2573.8114214906423	2156.103095114018	2608.946878082392	1516.1365138067547	2465.9939218290224	2083.025868496675
PWY-5103	L-isoleucine biosynthesis III	1534.1745956550485	1769.542303368866	1499.046897892627	1819.465386552316	1771.6428964617214	1736.658055144628	1485.944272908975	2624.429659415172	2106.8007921961	3623.7536813408287	1951.9335045486832	3221.26570269049	1077.5979941949154	1830.2650272703563	1117.834220560618	2058.461830871089	1512.829491814268	1584.4020689517074	2281.9252810830344	1910.388125493184	2311.5717367571438	1339.0478900986498	2177.165890081438	1842.601378408732
PWY-5104	L-isoleucine biosynthesis IV	1580.8635100233014	1886.490724762804	1555.8166114331273	2040.8312827279397	1838.619006169168	1736.658055144628	1485.9442729089749	2624.429659415172	2106.8007921961007	3623.7536813408287	1951.9335045486832	3759.993658104477	1083.8836451437858	1842.460864812296	1183.2396388337188	2058.461830871089	1523.8378765310129	1590.4916674558476	2294.0482073697776	1911.166297806544	2316.4732758794867	1339.8648219727793	2234.8958622184077	1843.7966393694944
PWY-5121	superpathway of geranylgeranyl diphosphate biosynthesis II (via MEP)	1365.1685573418838	1496.248204084751	1322.1932362290363	1620.905918302892	1557.6080747768362	1627.1341152682228	1348.4577289070896	2533.337360287517	1994.721945790451	3460.13560477204	1843.803986153008	2940.2562398339137	1061.425465682624	1768.1055680032073	1017.6468948788512	2013.436288533448	1355.9360550125589	1454.6447465678546	2110.030497150185	1741.7385691391603	2113.427820237865	1171.7187456298725	1889.274063964004	1777.1449976863212
PWY-5154	L-arginine biosynthesis III (via N-acetyl-L-citrulline)	862.6591572220125	1054.1458936394572	891.5101918538904	1164.3793262045872	857.468017599977	1041.5120124865498	903.7343537266862	1512.0781097537902	1065.942604889737	2350.418797245256	1382.6856147936026	1910.0839081901684	386.1470888343571	1070.0545184656398	715.2989363434943	999.7179793618564	765.6281721420613	362.0854500118604	432.8650726487895	749.5310509081112	962.3338780608734	932.0601821042716	1300.396238048167	955.7041697661152
PWY-5188	tetrapyrrole biosynthesis I (from glutamate)	259.8484416604067	746.1402440053324	590.4936387293195	342.396363620537	385.66129262650463	610.9162118178174	287.2918426256619	541.6534248707977	329.21470217100284	1040.8882921994684	734.8912463207123	275.6530739931386	56.746753431966006	454.44284314620666	153.81087783389765	331.62062294036144	195.64554063930595	110.99457681038074	139.22161138049168	279.2230793625555	403.5091149657903	261.937687920794	486.3284003347067	466.17424878184767
PWY-5189	tetrapyrrole biosynthesis II (from glycine)	221.86746987951807	702.6255608810425	553.357905857495	262.78194463384705	349.39059515820986	568.6721824397849	261.30354261167355	494.5998179443944	298.4818334486993	957.9921610142708	683.8580074067384	192.89898810580507	48.66330182619069	412.301021116195	121.74338309390984	300.8019902434226	176.56145264344318	99.52900713639752	124.7041267159313	252.765129669211	366.64406779661016	237.67467454773023	441.4069313391056	427.5331214575847
PWY-5304	superpathway of sulfur oxidation (Acidianus ambivalens)	300.0	0.0	28.0	220.0	92.0	56.0	368.0	84.0	76.0	692.0	436.0	584.0	148.0	64.0	276.0	52.0	324.0	48.0	40.0	108.0	92.0	696.0	524.0	88.0
PWY-5345	superpathway of L-methionine biosynthesis (by sulfhydrylation)	0.0	0.0	0.0	0.0	0.0	53.16163806503472	77.99513067376164	517.1354787153573	354.92718545304604	380.1704159563032	348.8914563372888	0.0	0.0	280.3530463773816	84.65992774398687	299.1214329370768	0.0	0.0	0.0	0.0	0.0	0.0	0.0	10.821910104895366
PWY-5347	superpathway of L-methionine biosynthesis (transsulfuration)	407.3857712838004	0.0	47.69299976325043	326.0650382010484	150.0373611669497	93.60978539839492	478.6583444188946	140.90568795297602	126.6384379283592	950.1202909037492	575.9623158103931	799.0630337733814	221.5989079956341	106.69794353459008	358.0088545588377	87.9028285898374	434.3506524039495	80.55132611026075	68.31860884034839	174.74264536464145	152.26853448401266	689.3831012981583	678.7287805580211	144.1401233045308
PWY-5384	sucrose degradation IV (sucrose phosphorylase)	0.0	0.0	0.0	0.0	0.0	33.12910584592501	40.98415792848993	386.4495763563573	260.8863231456429	227.97876004469305	224.94942148760327	0.0	0.0	204.3564430365497	46.71655769080976	219.79017421025043	0.0	0.0	0.0	0.0	0.0	0.0	0.0	5.3351698601550215
PWY-5484	glycolysis II (from fructose 6-phosphate)	1242.775215679604	1648.8519165781856	1260.2621577774482	1414.822382233362	1613.8669068200609	1699.9518777791386	1553.9799869942497	3023.4634525626634	2140.932018601354	3568.8287148514232	2119.893416247256	2854.05716768255	1506.137732182392	2017.938770674436	1201.1853585844876	2109.84179567258	1286.5275874112635	1328.7262572843863	1817.4378812405005	1478.898344516445	1702.804512944192	1093.6585523656922	1896.8960647776375	1556.1977343238184
PWY-5505	L-glutamate and L-glutamine biosynthesis	421.5159225639511	1317.5143721298873	1034.0549367197373	1220.2910748063464	691.2974375890042	1042.1649507208715	265.2482503113322	477.1258176380252	227.89031956184164	1274.6717360856317	869.7756050551724	2694.0310968730714	22.35752678563112	598.0135929234199	276.5994839315038	308.8537933401771	161.9676925066615	184.52436424437255	245.68176214652345	468.2294818068028	712.5208068619761	41.55295020256304	621.445690609688	799.6112263752658
PWY-5509	adenosylcobalamin biosynthesis from cobyrinate a,c-diamide I	532.7042322076735	665.7170314014434	709.9047537184057	846.2200549435656	539.3254205085641	469.8010968678437	146.02353737731303	263.8936062067666	134.62175585016146	649.7994593479112	466.458510601576	1440.6638891740104	16.023345699417558	292.11537810733626	146.76781654785353	164.92318624869938	338.5120564955821	423.9812179850264	712.3650937486942	726.7696044838088	971.28829416829	343.18528888627776	709.9412708192547	344.359407918502
PWY-5659	GDP-mannose biosynthesis	1328.997739261492	1537.6757482849357	1205.4483895895214	1391.305948874772	1651.4502836045206	1282.1258404012856	1322.745966620423	2705.845364222528	2063.6956551752364	3275.969002625613	1683.2189147480071	1998.1746917929968	1140.239339545386	1715.4122950421754	1004.3397163962206	2093.4162971487717	1409.4184075771304	1507.431035265548	2228.556237856369	1700.7904905562186	2028.8307841536937	1217.2390894187697	1988.5262772662	1585.9723151463595
PWY-5667	CDP-diacylglycerol biosynthesis I	1359.2887029288702	1660.5081853558413	1393.7361756015196	1675.1874090247452	1639.9582763337892	1711.223930691851	1439.0559713415414	2833.0642128551467	2045.0187805264063	3611.988929624	2010.769029170465	3258.490934938277	1424.1176135866235	1900.966636309132	1103.9064768406165	2081.28748023942	1351.9319866849592	1436.3319634165691	2082.799443652814	1722.3135100238892	2099.3992412407943	1153.0016180493733	1944.68317860453	1789.466163777816
PWY-5677	succinate fermentation to butanoate	43.638065522620906	72.22176907156147	23.61904761904762	0.0	17.148482362592286	0.0	0.0	0.0	0.0	0.0	0.0	0.0	0.0	0.0	0.0	0.0	12.38791738451872	36.36038599851817	52.65270317963107	31.45305141304669	17.05846153846154	16.513387482083136	88.75354094754589	0.0
PWY-5686	UMP biosynthesis	1501.734846437887	1674.3475280915245	1464.4279576682989	1743.3494610885737	1720.0069110377087	1895.9400240709424	1609.0350608537087	3196.06426700592	2305.600721859036	4030.8678676118448	2257.3826146417955	3270.6157272302557	1599.3115833831043	2141.0994387619235	1221.261182198136	2342.1232726664957	1491.5120203260876	1599.4192515419163	2310.0563903060106	1924.8349760588703	2331.4936851519287	1290.4013211786878	2087.83152963522	1974.071666968077
PWY-5695	urate biosynthesis/inosine 5'-phosphate degradation	1495.3684259263548	1659.2818731584885	1400.402205515628	1676.772787784441	1775.7759812962388	1682.9429608846049	1548.5966436770734	2800.6215667879583	2144.8313627120137	3592.3087860641776	1898.778966332042	2804.3092790771643	1359.6164779095382	1814.8504942364157	1140.752808328576	2090.1718924242787	1523.0325272435828	1617.8662793087162	2347.568526091389	1897.7260523153464	2284.2698083821133	1314.7096724198154	2149.086242442383	1834.582711053377
PWY-5837	1,4-dihydroxy-2-naphthoate biosynthesis I	0.0	0.0	0.0	0.0	0.0	38.07477676831375	47.02624824538366	415.8663143773576	286.1138148724542	255.29610357928317	241.58133530062705	0.0	0.0	223.48565964118217	53.097765816900726	242.8164786385213	0.0	0.0	0.0	0.0	0.0	0.0	0.0	6.212373016062245
PWY-5838	superpathway of menaquinol-8 biosynthesis I	0.0	0.0	0.0	0.0	0.0	122.97484998116477	151.06147442774704	1081.0409753835202	760.0678985986774	746.6657769358375	635.9183891626963	0.0	0.0	604.1564092579142	165.27701795183387	663.6726778760572	0.0	0.0	0.0	0.0	0.0	0.0	0.0	21.10538614959698
PWY-5840	superpathway of menaquinol-7 biosynthesis	0.0	0.0	0.0	0.0	0.0	122.4865941407657	148.10033448658575	1039.3130379949655	690.3040554369688	729.3725882027543	622.1823220178312	0.0	0.0	583.4789208847544	161.64267611180392	623.76242428769	0.0	0.0	0.0	0.0	0.0	0.0	0.0	21.07801617257064
PWY-5861	superpathway of demethylmenaquinol-8 biosynthesis	0.0	0.0	0.0	0.0	0.0	83.81495778179467	103.14175703158756	806.7493646648995	555.8807443275008	530.6095647725874	470.2909625818612	0.0	0.0	440.4312596143011	114.08823397225856	483.6854245319888	0.0	0.0	0.0	0.0	0.0	0.0	0.0	14.1239481468053
PWY-5863	superpathway of phylloquinol biosynthesis	0.0	0.0	0.0	0.0	0.0	43.36838877982064	53.49062413415846	465.37481566697903	320.52035774858973	288.75917593247976	271.2537678738843	0.0	0.0	251.07782789358572	60.26008789124492	272.89824794932844	0.0	0.0	0.0	0.0	0.0	0.0	0.0	7.096191630245932
PWY-5897	superpathway of menaquinol-11 biosynthesis	0.0	0.0	0.0	0.0	0.0	108.85943151716828	133.86525210326468	994.9720961035124	695.5916423897283	672.6616477100623	583.7164889611864	0.0	0.0	552.041972045454	147.35295552473394	604.5953261652247	0.0	0.0	0.0	0.0	0.0	0.0	0.0	18.49944414046874
PWY-5898	superpathway of menaquinol-12 biosynthesis	0.0	0.0	0.0	0.0	0.0	108.85943151716828	133.86525210326468	994.9720961035124	695.5916423897283	672.6616477100623	583.7164889611864	0.0	0.0	552.041972045454	147.35295552473394	604.5953261652247	0.0	0.0	0.0	0.0	0.0	0.0	0.0	18.49944414046874
PWY-5899	superpathway of menaquinol-13 biosynthesis	0.0	0.0	0.0	0.0	0.0	108.85943151716828	133.86525210326468	994.9720961035124	695.5916423897283	672.6616477100623	583.7164889611864	0.0	0.0	552.041972045454	147.35295552473394	604.5953261652247	0.0	0.0	0.0	0.0	0.0	0.0	0.0	18.49944414046874
PWY-5910	superpathway of geranylgeranyldiphosphate biosynthesis I (via mevalonate)	0.0	14.917463163618676	16.061936951731933	11.716301586571962	11.447766540345611	209.91938154456705	197.99889426233676	630.194287866446	222.38531922150676	591.4362014103716	418.2503158526293	340.15034095202674	541.2401296154916	354.7702198188611	184.76335132613636	333.13337759120503	18.828822491780485	40.85616400322254	75.6371529453338	22.223854487626497	18.67244005425412	10.953854198006116	3.978540380906528	191.541770649998
PWY-5913	TCA cycle VI (obligate autotrophs)	245.45022624434387	0.0	416.5282720442863	622.3499176276771	20.928046989721	724.5565621922924	218.92618728567243	681.5446376519848	403.6781643218786	1093.0402265249588	796.4327591417346	610.1544799176107	490.5578492558809	593.2315617719973	232.2023967469804	417.4865777755789	25.872034649079637	78.85503284624522	73.31963999065685	317.36306097248155	462.1597633136094	21.89445403953176	46.70358224016145	580.9500609828634
PWY-5973	cis-vaccenate biosynthesis	1505.9598104330234	1651.113086584235	1460.6472176771138	1778.8099219034077	1708.3881969281167	1721.1260452086306	1496.5864007270677	2830.784506674242	2084.032568841673	3559.6991753201	1981.145247957689	3224.756617769562	1283.324990847632	1792.0871225825267	1110.7172665167943	2000.558539330648	1461.9423693919982	1568.4531330782745	2300.500437338466	1919.6268628849664	2336.010232409779	1303.3279876098202	2111.578599451987	1780.4892027653163
PWY-6121	5-aminoimidazole ribonucleotide biosynthesis I	1595.5760631007065	1755.1111763650626	1479.4406468346672	1819.4224165215564	1834.324867646198	1917.7843532979691	1777.002384847351	3253.766180133986	2434.957090191416	3847.8369200785114	2163.4581666917143	3489.1060958539056	1474.8635638656808	1977.4011886681988	1293.6399700554523	2208.2314836122523	1611.8618891129058	1698.7448907861062	2427.316312482228	2007.550463936628	2403.5208833493107	1406.094765282683	2243.2952536344537	1903.780329704596
PWY-6122	5-aminoimidazole ribonucleotide biosynthesis II	1520.1008900198703	1655.2556782795884	1429.4595614455195	1758.6934279153306	1731.0857700909078	1825.8184165485332	1672.805433976774	3118.757205121201	2311.940856166921	3693.1363395183016	2075.5095770837984	3373.300045529823	1390.5626770447625	1865.6880752070945	1211.5418856861495	2104.456013072765	1522.4639852598957	1615.4456357958163	2333.46807093426	1923.5679944260507	2314.921088625724	1340.5179080493003	2129.476100832064	1838.4596052065283
PWY-6123	inosine-5'-phosphate biosynthesis I	1452.5040683482505	1487.8299999999997	1369.9494169905608	1668.3667271901952	1647.7421247038053	1638.4507933933646	1460.4662090083923	2813.8250651991816	2143.4437335425823	3579.41984623812	1894.985561953455	2913.6917059515563	1206.9869906505842	1751.7627891899533	1053.7038507125571	2090.579007012276	1459.4355843119508	1575.4595272618928	2322.8108112931386	1878.018675476313	2279.3956565152275	1286.063299876035	2024.0693020856188	1841.6135947027703
PWY-6125	superpathway of guanosine nucleotides de novo biosynthesis II	781.5520845748665	1027.688718008975	873.1590354331574	906.669183571102	1011.6790788277528	344.4201393168785	618.4923013168985	1427.1469798103906	785.1411674847451	1103.428701180387	834.6343042958421	833.9986876378331	674.5727069137904	421.1496613715232	406.7253670479961	507.0193740356376	747.4366134193328	792.7310120554789	1303.261743456681	1050.1921718817512	1331.2921034024814	754.6526976189867	1247.6352586662845	230.5785743150604
PWY-6126	superpathway of adenosine nucleotides de novo biosynthesis II	1437.1931475826943	1784.8693463754846	1468.441881552105	1673.9873158643231	1762.4963834915773	1711.373104467487	1563.4176930454612	3132.833685976471	2224.6854564356936	3883.636512696541	2158.464880534488	2768.6126675125506	1643.8349959791108	2075.1571131135174	1201.9453439292313	2287.579687433792	1464.1027660483946	1561.106747310669	2271.415917769026	1817.7013801611688	2192.23918614808	1258.1630778397712	2106.9742231981068	1853.238658668616
PWY-6147	6-hydroxymethyl-dihydropterin diphosphate biosynthesis I	1383.8864421304238	1624.3019196789253	1393.5916679713305	1262.9844040834234	1698.593414458421	1633.0267794281938	1350.263510179068	2372.1744403471816	1978.7754343364336	3300.0163882275074	1687.8735677645468	1441.0769481809032	996.186500237707	1707.291062706645	908.7779649069086	1975.20051476542	1443.3249789456845	1580.2716965876832	2281.479921734412	1878.8900837016572	2276.6267635636555	1173.90349957903	1996.1816488562183	1777.039511780252
PWY-6151	S-adenosyl-L-methionine cycle I	1268.9432013769365	1487.83	1268.2427757027715	1504.8799543304517	1520.935277324633	1596.558088464503	1330.4532616974043	2622.020549903581	1907.8352570578145	3279.75507710344	1759.900559105431	2776.348000526177	1394.318338641189	1756.6415686619453	1009.394496584307	1958.853692678148	1268.9812265533187	1413.4009781460036	2053.66089217796	1667.998714839615	2020.701193258704	1016.8008299967536	1765.073936681711	1700.600883536364
PWY-6163	chorismate biosynthesis from 3-dehydroquinate	1387.6078826237056	1510.1990918732772	1348.256960294596	1686.3902668050257	1540.941379540897	1636.392079856401	1314.6460921794414	2304.2671335852583	1873.2187489693135	3321.9033712931414	1793.9423039086898	3112.438264721911	913.3310340695414	1691.142475707078	1004.8284279721626	1863.576440357932	1341.1068947590927	1415.4540323501662	2028.75745421174	1744.1139128303548	2123.6886058536525	1181.499497258216	1896.8566788129813	1715.065794090361
PWY-621	sucrose degradation III (sucrose invertase)	538.5593220338983	1699.179156992629	1286.9609348914855	1488.9177641205736	907.789664551224	1551.2121956529336	800.3035080914292	2008.9601622198077	870.6889146964086	2340.6093976048724	1575.0451354062188	3431.7413904202767	1145.4603385330236	1160.1212662597834	639.4055470566215	880.3565109296968	249.3559527161329	331.54463813644026	496.9511046111774	639.1161796916141	934.201151000274	78.1653164542447	804.0376237792753	1272.164221298505
PWY-6263	superpathway of menaquinol-8 biosynthesis II	190.59002719135887	0.0	20.754794436462028	152.4994659138185	66.99500812959351	41.15121751274786	234.4746118681891	61.81998694622615	55.31262004557061	459.124936646493	286.7498217243837	385.2705137951601	104.67192666185169	46.98434869967902	178.30180282766398	38.27898737079001	192.8225799159521	34.69794297659426	29.40000494579261	76.48531158871572	66.58900194314431	110.53956056538476	337.2536573465696	63.79469143816887
PWY-6269	adenosylcobalamin salvage from cobinamide II	534.5324036430858	668.8875313228191	712.515312128349	848.8541331789953	542.0730860026465	472.7808012203317	146.09426451924614	269.53612642469903	137.56046568061703	653.7170703754398	469.7454807851629	1444.6595183112431	15.834123257755008	296.2702646192278	147.17252069092336	168.29177690320495	339.6612581422189	426.3953289892323	716.2324064633808	730.0074801637738	975.3929841097626	343.03135347172673	712.1051533210965	346.48556510559746
PWY-6277	superpathway of 5-aminoimidazole ribonucleotide biosynthesis	1520.1008900198703	1655.2556782795884	1429.4595614455195	1758.6934279153306	1731.0857700909078	1825.8184165485332	1672.805433976774	3118.757205121201	2311.940856166921	3693.1363395183016	2075.5095770837984	3373.300045529823	1390.5626770447625	1865.6880752070945	1211.5418856861495	2104.456013072765	1522.4639852598957	1615.4456357958163	2333.46807093426	1923.5679944260507	2314.921088625724	1340.5179080493003	2129.476100832064	1838.4596052065283
PWY-6317	galactose degradation I (Leloir pathway)	490.5743576948367	1290.4582155179742	1036.4224863443912	1228.0776779380917	778.3936606774693	1280.5386276037116	705.5878748928299	1804.2645605757452	814.8872846103577	2210.543972794255	1431.5334741265606	2790.5097572199406	1106.8668168964978	1184.984205421153	609.4259778142056	989.0982986353968	236.89495274448365	311.04924402604354	465.699064163618	584.8044347359568	842.5398004019825	76.86512951175541	723.5363795867717	1107.3440712261818
PWY-6385	peptidoglycan biosynthesis III (mycobacteria)	1340.0245649948824	1533.1773522667136	1309.6127542572	1588.6798237148678	1562.294668311753	1668.1588367791692	1444.7622562973963	2817.376781956464	2018.2311846998896	3551.146120864281	1957.213800941906	3009.88406350786	1483.5226029000892	1857.8144802356749	1098.8452517775538	2053.5124590643973	1337.990711040964	1433.335875201333	2078.6858354589363	1706.136345256819	2063.541698844753	1154.988486704979	1886.108050810859	1761.1024640406
PWY-6386	UDP-N-acetylmuramoyl-pentapeptide biosynthesis II (lysine-containing)	1349.5402588477837	1563.3286055820188	1333.2132551848513	1617.0118562276396	1577.697896004534	1680.2837119014705	1440.75688980606	2767.96407278024	1992.69172497008	3531.1574118772537	1937.52810412525	3061.7978885152143	1457.6384285860868	1833.2429005219144	1093.1847411083734	2023.7124425746435	1341.2333881082795	1436.5182346495135	2082.355576151605	1716.1630268714257	2079.200470484452	1155.70581285676	1900.0465305580344	1769.977972786293
PWY-6387	UDP-N-acetylmuramoyl-pentapeptide biosynthesis I (meso-diaminopimelate containing)	1343.577182929958	1544.949423968954	1318.9632441492772	1599.5867566948264	1568.4237482400335	1683.0083427312177	1454.7197702720246	2851.7448301544127	2034.4595085146063	3579.47354646558	1979.1359100538857	3042.187799923013	1499.674645265831	1874.2025783115816	1106.715161735404	2068.1953093244656	1339.8334920908494	1436.091072492759	2083.1114088808995	1710.6467737669675	2070.027471449774	1155.6323983107532	1891.439361397688	1772.26232242501
PWY-6467	Kdo transfer to lipid IVA III (Chlamydia)	1096.0	880.83	798.5000000000001	943.5	1243.75	1029.67	1076.67	2044.42	1740.83	2453.33	1199.5	1208.25	858.7499999999999	1364.42	785.92	1697.0799999999997	1183.67	1321.42	1917.17	1479.33	1740.0	958.42	1502.58	1254.67
PWY-6471	peptidoglycan biosynthesis IV (Enterococcus faecium)	0.0	72.12274048103541	78.18802927379852	35.45758702089213	21.93899786681213	679.4785247086223	543.3622874042687	1494.1862605844287	651.5107927355625	1524.2453489586187	1006.299791638512	645.7866664360731	978.920474379611	852.4644875793788	358.28579504377626	788.6846096099642	54.971179482566825	138.42628009368408	227.09086791477404	99.7866847511278	87.68581140705703	35.99786808090233	16.062701740673546	616.6871397702819
PWY-6507	4-deoxy-L-threo-hex-4-enopyranuronate degradation	1143.1836283567245	1055.4255185399684	899.3467662763361	1416.2995111156274	1301.7062906869078	1130.2287236935124	1089.4288444542146	1717.8087022423038	1415.3469797132284	2024.452133829455	1157.392698478655	2780.1521066608907	964.4150483063584	1309.1792441645405	910.1568066789008	1264.3313711867304	1134.3356048532962	1217.9086901044998	1702.2807497175252	1466.297035603214	1761.4426905114267	907.9641134704866	1496.2323038532702	896.7283515209529
PWY-6545	pyrimidine deoxyribonucleotides de novo biosynthesis III	254.18078068859967	0.0	308.91532492955275	361.3293026711064	366.10404224803113	187.92392640351432	313.9167902226679	829.639368048909	462.4238871078435	679.0338465997693	488.1158531549826	346.5231435042516	239.6558555459148	250.37159941813132	170.40674123984704	313.8805043823444	305.283934798428	193.16195708098144	337.77764583099105	151.75531265861744	188.55943260584945	370.6266341716131	533.8926465733643	138.06278022271658
PWY-6588	pyruvate fermentation to acetone	117.17651012349826	197.56341684209883	68.48925137126918	0.0	49.23720282455922	0.0	0.0	0.0	0.0	0.0	0.0	0.0	0.0	0.0	0.0	0.0	32.78605902613495	81.74330105337829	112.78942950188495	95.7485285865438	52.84666758289074	22.495883422191778	209.9362346862968	0.0
PWY-6609	adenine and adenosine salvage III	1352.0	2004.83	1503.5	1690.5000000000002	1793.25	1580.6117393908269	1393.328249950229	2536.707418900408	1901.7459136358043	3253.520170039594	1740.7386064030131	2870.9854688710925	1241.5784321559852	1628.4630355774734	1028.5668720206515	1854.2443632815125	1373.67	1446.42	2109.17	1691.33	2057.0	1155.42	2071.08	1677.7428257721078
PWY-6612	superpathway of tetrahydrofolate biosynthesis	1075.765168474156	1324.9891798796052	1187.0155825086786	1161.4989736841626	1347.7095713393244	868.6768513805785	568.5761842139535	1973.0386369817545	1574.218507669772	2688.203871347385	1223.4025862602891	142.41042782327744	307.3017099446523	1242.0565624655894	201.0290903301868	1697.729384280297	1079.2341220701137	1251.2524499592191	1900.104890045872	1499.5229451106084	1856.2273757650376	886.1265770883832	1582.4550669569169	1475.9140207611956
PWY-6700	queuosine biosynthesis	1391.3180632131628	1188.7478624577725	1066.4411856763095	1310.9457294645097	1545.3642556694815	1360.2724764107986	1412.5933692059764	2541.927724051258	2086.0521970734103	3196.8873038265183	1634.429287925586	1929.424085476744	1107.4017501242488	1659.213881508305	1030.4972315137763	2004.7231377177056	1464.8473119538153	1558.0070488617555	2254.392876792805	1789.1311859356606	2116.6290148544	1287.1613885245458	1944.185334439806	1587.566255676351
PWY-6703	preQ0 biosynthesis	1194.2742421200564	979.8904928798718	885.8923679060665	1033.0083034111312	1322.1377314814815	1127.3886722399268	1190.8330163738633	2105.44897962534	1778.9367146579589	2733.6003845202936	1380.684470663265	1355.2477896481855	895.75	1427.3419051894064	855.4191242614605	1736.0867528727613	1278.2200011479565	1348.864050325028	1947.739567084564	1545.5134064743577	1822.538040015292	1135.8878455184963	1683.7405014088577	1343.8334601430154
PWY-6737	starch degradation V	1774.7216312056737	1969.34670807292	1704.8199798437893	2040.487560615644	2157.2960968102966	2062.3638476106103	1734.4466975028456	3224.2088369727835	2626.365372805072	4153.832317151922	2188.9719599697883	3398.950491664496	1349.5507463638685	2285.5924454329124	1312.715727511756	2579.3594483160405	1810.455312407424	1992.054496964628	2869.037132155064	2366.653627953615	2881.935895657	1421.185244413069	2433.6774344011114	2177.0190645974963
PWY-6891	thiazole biosynthesis II (Bacillus)	308.541501904216	0.0	33.01676563297678	232.38186867656563	105.30324589674176	65.51269697757735	368.43268467612	98.11282835121015	88.37383041716512	708.0219462022917	443.6099656458324	569.8377815568523	161.3521012937178	74.70240413087079	275.1726566261258	60.91609156363748	328.3804533852199	56.135252519235415	47.25600261750609	123.8735201475657	106.90355880007336	579.303882876355	517.5252202531544	100.63598484700842
PWY-6892	thiazole biosynthesis I (E. coli)	1306.2456935230289	1223.2943227392982	1151.4546653536802	1160.4271704500327	1372.010365240278	1499.9324778701232	1318.6781633275198	2064.846038277413	1592.997963687209	2722.6370553811	1696.499624006373	1746.1079731047585	1016.850666430064	1540.0786481716466	962.2122482892022	1396.9940782130332	1261.9959721951852	1304.5033524461414	1804.8443189253865	1687.547093230365	2035.1908958625208	1153.5436031284717	1783.7012984229257	1169.6506688201289
PWY-6895	superpathway of thiamin diphosphate biosynthesis II	837.9731391456431	0.0	147.7057643588059	674.9204199382903	418.13855369794646	277.0341028246145	921.32000474799	424.52821876305137	377.9047246701114	1880.575410926284	1090.8215936438196	1246.4527074144653	514.8823367388763	319.3740891892283	682.8204786335872	271.06378213554484	886.4454245921078	246.3753033972092	218.2504056236442	491.1496843268586	449.0783247235421	1070.7948183442456	1287.3144712786466	397.70271883075645
PWY-6897	thiamin salvage II	1424.4524662892743	1241.712266454652	1107.6156610936284	1319.0144766942756	1602.5938459194788	1401.530463238896	1423.518758963865	2522.3212301175517	2086.428472910741	3259.4208588557444	1698.2438593101406	1849.063879544424	1137.7795709224688	1759.6772307437534	1061.269310060496	2045.477624863247	1504.0220480502844	1579.1862449245211	2265.5939128464524	1837.845638126426	2183.536540304108	1318.083291771403	1994.3573227141412	1575.9291277160378
PWY-6901	superpathway of glucose and xylose degradation	487.27709961144456	336.7261074538181	675.120738275134	578.3467034641822	699.7592059179973	0.0	0.0	0.0	0.0	0.0	0.0	0.0	0.0	0.0	0.0	0.0	293.85491098427207	383.4412468830972	549.6231628223056	624.4525573912862	820.6983833269837	137.4277640874333	821.0043919658534	0.0
PWY-6969	TCA cycle V (2-oxoglutarate:ferredoxin oxidoreductase)	406.1076459517176	0.0	587.1875896596558	867.4939828337546	50.36613954409214	925.6375296637706	372.3444662875987	984.2534160834932	611.966287094543	1600.848527903223	1067.6625349053563	1695.6778799831711	33.773051667468685	821.7785089729172	355.21856119271115	628.8100695810505	60.45519524670534	148.74031370888562	148.517225007955	480.5308708963975	678.2647442234702	52.11740517540568	109.55178555823724	807.0167560514332
PWY-7003	glycerol degradation to butanol	0.0	48.15693375734515	45.96160068121154	0.0	28.37279161308725	0.0	0.0	0.0	0.0	0.0	0.0	0.0	0.0	0.0	0.0	0.0	42.12273511644312	88.51423278066795	134.53179437316092	60.26800997574121	48.72007130596196	26.685583783392968	11.746575818659704	0.0
PWY-7111	pyruvate fermentation to isobutanol (engineered)	1587.1771498397652	1841.4178441662475	1538.245448899023	1906.039809791088	1819.102979644128	1834.935996303596	1642.435590620073	2852.7093030899696	2147.316595488844	3746.9881660982887	2139.326774631973	3568.7521028897872	1252.3793304178196	1900.6589680789557	1243.1905929998604	2108.7894530328213	1565.2024647474914	1610.1675363254135	2313.7741985710954	1956.23134793317	2373.2175171914587	1447.2737655845774	2273.29729867066	1892.3838707342536
PWY-7184	pyrimidine deoxyribonucleotides de novo biosynthesis I	291.60798702227106	757.2764695289345	505.3833837819101	462.9569843533379	587.6377494708812	207.06109883302824	399.5542215295156	967.2530847176954	494.4057695138163	704.4823565405435	555.4310297341384	507.54684080627607	473.809683788391	270.5516047527848	264.8171393410413	321.2748736505104	338.7458286221977	205.4793306393691	356.5712212883336	161.4139667278164	200.76059069441533	406.5876691362091	714.9427697849637	139.01374193104957
PWY-7187	pyrimidine deoxyribonucleotides de novo biosynthesis II	337.05668873968034	888.7393559058287	591.5872633519037	544.5957685925605	677.7668652786924	303.3813002947637	504.75570285845447	1227.2342310715187	634.875528599274	1014.724840127708	762.3152856582334	681.5268391103699	665.3525934912773	436.5264809105168	361.47262914520354	489.5343296826014	393.63273559816537	234.51941590907623	402.3128572914648	181.94823687986087	225.94156460502327	461.2843926435023	818.9633488136928	221.0707686088162
PWY-7196	superpathway of pyrimidine ribonucleosides salvage	845.2298485933868	1081.73185348956	948.97448316655	1012.1542500571118	1077.9222170879605	335.1110258854188	625.0854989322145	1430.585847002041	783.5160508788589	1085.3329150501518	833.2733375855796	866.6440360196931	657.06883035171	405.62317054222666	406.52294354336414	490.2544190394116	789.9348993144016	841.4295970193143	1407.193095304907	1147.4748726230605	1470.8942602740608	814.7514604774261	1339.0888110569772	219.75096485911791
PWY-7197	pyrimidine deoxyribonucleotide phosphorylation	473.9772727272727	630.8312715361138	560.9252740621542	571.9390137377908	622.4684187599826	167.98293257464564	323.6553459955995	816.2234236778642	400.9370960893616	594.597328532808	476.031296654652	423.7403822065083	406.05322614114704	230.75924379480503	219.70062539200703	270.99006828723964	432.7686387576671	458.3637532403693	806.3035624275689	656.3248220190338	861.0664904163913	482.7840770775449	787.1148663818591	114.84360625344368
PWY-7199	pyrimidine deoxyribonucleosides salvage	1196.2109764885545	1455.4676328724663	1157.7236290018311	1367.5784468966783	1487.9382364205792	1331.1588287255663	1182.9238423247175	2166.0149606114537	1685.0195252644846	2708.885375260988	1429.010074778287	2282.385060323309	1060.044450153105	1503.4152178943025	907.7134957127258	1659.3501212909437	1206.9423840380962	1334.8702343615594	1918.2766372461292	1560.1185388815543	1876.0141187647644	948.3242971494428	1704.633579576607	1381.0744143899014
PWY-7200	superpathway of pyrimidine deoxyribonucleoside salvage	382.7453843980378	831.4194058036619	597.4455805544364	587.9121182941318	697.5394848838489	267.6119281297306	470.6402798844399	1120.7908921828805	596.2959019633915	892.6976354739394	665.4549536751316	651.774348092317	561.5840981452841	362.2855685766142	326.5033948559415	423.01156468019377	427.8928003368869	283.50949904556927	486.97844943331785	233.28208354988357	290.3835250192873	484.7429573419008	845.7840583489276	188.9454160986077
PWY-7208	superpathway of pyrimidine nucleobases salvage	1557.2386273596778	1845.052221545454	1545.107379844722	1859.917630070967	1840.8663147302664	1945.160262458692	1702.5382823603904	3411.6774501948084	2395.069689644156	4276.445588609131	2392.590481264882	3510.2976459633524	1819.09842467546	2266.509796967974	1314.8484363656628	2482.4330628995394	1562.6990425501806	1648.2528920252162	2392.396170101715	1956.257022818198	2365.187935766922	1371.6879086069391	2231.581532156064	2055.912006043165
PWY-7211	superpathway of pyrimidine deoxyribonucleotides de novo biosynthesis	0.0	0.0	0.0	0.0	0.0	107.8633539414183	145.92120988049126	846.1442951633661	502.4170318467514	569.8041350136017	497.335902510242	0.0	0.0	325.7955609293118	145.3535005634054	371.4421635517906	0.0	0.0	0.0	0.0	0.0	0.0	0.0	22.02883315879944
PWY-7219	adenosine ribonucleotides de novo biosynthesis	1562.4618621778009	1775.4622922759866	1523.5774954627948	1849.6413944660871	1811.5123256475947	1910.1765796335155	1640.1236357280911	3219.25949039115	2329.161751762699	4083.876384719288	2266.3902913230268	3461.5036799692684	1629.6079808143993	2147.9561104689506	1254.6742973435855	2366.653338992583	1551.071927067875	1660.0219287940763	2410.7530376045565	1988.964834966858	2408.8138161559887	1347.7783460252988	2196.8338646020547	2011.211625257877
PWY-7220	adenosine deoxyribonucleotides de novo biosynthesis II	1298.396415770609	1981.273521080385	1404.8628514267664	1485.846361062917	1793.7222029186937	1502.828644699829	1492.6498299915418	3147.9315063753397	2136.4900181690973	3645.320911217127	2029.5989887059864	2185.354569270135	1781.302071668533	1992.6873303161824	1147.100039902362	2236.24995923487	1375.9621493915315	1449.295443320785	2129.4383663079966	1630.5046053200178	1957.567916601836	1155.7043370865224	2064.36361015205	1677.5516529546746
PWY-7221	guanosine ribonucleotides de novo biosynthesis	1297.3959938366718	1490.0698382823266	1275.7381370826013	1328.5866838804868	1535.9967041015625	1655.733918476077	1457.6399071701503	2965.6538293984254	2103.188598932575	3620.305073877512	2027.4966152393283	2188.6466555543607	1522.96030317713	1928.387557966592	1092.8176812385632	2138.0759885324715	1333.1559883273426	1428.5886858594058	2073.2054124561478	1691.3140926631827	2040.490833537033	1153.9141655429935	1861.8243268182375	1748.4795638662
PWY-7222	guanosine deoxyribonucleotides de novo biosynthesis II	1298.396415770609	1981.273521080385	1404.8628514267664	1485.846361062917	1793.7222029186937	1502.828644699829	1492.6498299915418	3147.9315063753397	2136.4900181690973	3645.320911217127	2029.5989887059864	2185.354569270135	1781.302071668533	1992.6873303161824	1147.100039902362	2236.24995923487	1375.9621493915315	1449.295443320785	2129.4383663079966	1630.5046053200178	1957.567916601836	1155.7043370865224	2064.36361015205	1677.5516529546746
PWY-7228	superpathway of guanosine nucleotides de novo biosynthesis I	724.5224098872217	947.5715633052477	806.4877545388113	828.5285286038583	942.6862950791034	302.2634763467447	562.725340030041	1308.4299157835055	710.1681183215513	982.0909030877054	751.9589039995358	735.4727310247033	612.6560296040963	370.6886997216243	365.7326626180488	448.3901578910767	694.1077904656187	735.5216053358905	1223.193534392048	979.2194625398448	1243.8240439520496	712.718924628393	1168.8634781534752	200.7675743474491
PWY-7229	superpathway of adenosine nucleotides de novo biosynthesis I	1480.4055662153755	1846.303885185475	1506.8864946327442	1758.7503026999502	1806.385590475202	1802.3123853730235	1590.883329420067	3197.80581678833	2261.686646934624	3978.3255360437433	2215.7743758685438	3061.8575158208187	1687.657529149643	2118.248763535154	1224.9082340435525	2331.5425265661884	1488.987437224083	1586.893921790332	2310.699030298405	1874.9321673438385	2269.3461055431144	1278.1134550167924	2153.5249744466223	1923.344158998088
PWY-7234	inosine-5'-phosphate biosynthesis III	0.0	52.724267142660274	52.59180730596041	35.47956015102464	35.4741113477526	421.85350323457095	602.5281548066627	1492.5880194856768	700.5662876678774	591.4295131465152	527.030635315713	826.4160301830069	796.635687944914	114.74353340017949	308.87462039889505	258.366268186097	58.36173343811542	140.8211587172754	270.45467550504264	70.15651454910028	58.9351505833969	35.321729688652795	11.951754764606637	260.2235598531196
PWY-7242	D-fructuronate degradation	1188.7938501799968	1119.3650532785848	1088.0566408413167	1423.1207661601084	1301.7062906869078	1478.004114379832	1146.8929062978525	1857.119096171844	1478.584097361628	2493.4758052364573	1446.6807100988224	2782.5918866019024	964.4150483063584	1479.4592115931146	911.2920689042631	1371.8453297321323	1142.7363410451158	1245.4482059252182	1729.6054320523365	1576.6027803577522	1929.0248212464303	914.7207659047272	1505.868850047235	1241.732110896386
PWY-7315	dTDP-N-acetylthomosamine biosynthesis	107.63611749608675	0.0	0.0	620.1165369187287	20.85912722571609	32.991045626208226	40.71365221301046	374.1453730088643	253.0778807601888	225.0600798901931	220.28321905086813	1800.5621102206974	14.913572462951308	228.24227445589517	218.8178740124833	214.6825120524333	0.0	0.0	0.0	0.0	0.0	0.0	16.926927287514808	8.319530432207486
PWY-7323	superpathway of GDP-mannose-derived O-antigen building blocks biosynthesis	1270.4750050668292	1101.2048252569425	976.8774877401746	1268.890389478502	1449.645312788574	1158.9764934582236	1239.4636470812234	2260.5492213817533	1861.04246097634	2903.296920814886	1432.0954953407893	2180.567646189269	1034.6840366103258	1499.5319162769067	935.0024610474968	1855.166529288583	1344.242515140049	1423.380454828828	2082.174477601748	1616.5652123615732	1920.4493823501637	1180.5453374623278	1789.363632837485	1442.5246100308004
PWY-7328	superpathway of UDP-glucose-derived O-antigen building blocks biosynthesis	166.40741977349114	126.14465149534388	58.40344419471641	117.74080887204816	82.83322501090517	39.73640864920232	187.9608234235781	428.89304791885263	272.0575002053471	379.2257440687183	255.1942719760561	294.283143844786	88.2487702645761	229.7104628060848	145.48845472566035	244.2881618999993	161.91648275263643	77.49717114636069	105.34704154503814	74.94065961623603	67.44185028090803	282.57384940973634	360.85228934197806	51.756791584959714
PWY-7371	1,4-dihydroxy-6-naphthoate biosynthesis II	75.0	0.0	7.0	55.0	23.0	14.0	92.0	21.0	19.0	173.00000000000003	109.0	146.0	37.0	16.0	69.0	13.0	81.0	12.0	9.999999999999998	27.0	23.0	174.0	131.0	22.0
PWY-7374	1,4-dihydroxy-6-naphthoate biosynthesis I	75.0	0.0	7.000000000000001	55.0	23.0	14.000000000000002	92.0	21.0	19.0	173.0	109.0	146.0	37.0	16.0	69.0	13.0	81.0	12.000000000000002	10.0	27.0	23.0	174.0	131.0	22.0
PWY-7377	cob(II)yrinate a,c-diamide biosynthesis I (early cobalt insertion)	89.20058325495098	604.4661726157482	407.57463314519686	322.361718330932	315.2514390297631	0.0	0.0	0.0	0.0	0.0	0.0	0.0	0.0	0.0	0.0	0.0	105.88266593580808	62.4356120544567	100.98789486871404	13.03023581620581	72.61205732146482	12.98545930814758	363.7812468426639	0.0
PWY-7392	taxadiene biosynthesis (engineered)	353.2514983940457	52.4251586987136	90.54643617549672	308.2924991322514	159.20399592088944	615.0811492458579	774.4145732230517	1631.5514321690353	817.4683806217748	1864.543869079535	1142.5412601744	1316.3823993920864	933.6028587628828	902.882517229654	597.8516637129123	926.9489411133846	409.0912692532161	197.04293277628148	310.7638982561322	210.5224792077638	183.7172093498281	611.4104826709121	590.4584709078964	616.8877773883571
PWY-7400	L-arginine biosynthesis IV (archaebacteria)	782.0422427482054	1087.2789906552375	868.7946252672781	1155.2461941605825	763.5666216930065	989.0450447919872	828.2751785738191	1374.304972422095	942.9642889834396	2221.5139836548947	1380.249043511756	2243.987518525996	326.9533634396542	979.04311757908	665.3376573329348	878.7318407123677	675.9530886658388	315.6185943557936	416.83555054421305	644.6290700418502	834.7843786085734	877.0431526969901	1198.244752505477	862.8028766655984
PWY-7539	6-hydroxymethyl-dihydropterin diphosphate biosynthesis III (Chlamydia)	1383.8864421304238	1624.3019196789253	1393.5916679713305	1262.9844040834234	1698.593414458421	1633.0267794281938	1350.263510179068	2372.1744403471816	1978.7754343364336	3300.0163882275074	1687.8735677645468	1441.0769481809032	996.186500237707	1707.291062706645	908.7779649069086	1975.20051476542	1443.3249789456845	1580.2716965876832	2281.479921734412	1878.8900837016572	2276.6267635636555	1173.90349957903	1996.1816488562183	1777.039511780252
PWY-7560	methylerythritol phosphate pathway II	1388.607362383417	1502.419390226481	1353.1875337772667	1667.7290963324258	1569.7858012433794	1653.0592817450658	1333.878881001976	2481.901462725053	2005.8142898805784	3497.80406308463	1836.9200813745692	3004.659719584242	979.4353590145064	1760.4182271719749	1002.0194646025384	2026.7700628857783	1372.338551341782	1477.6356829116198	2146.7553418430025	1775.7106534897016	2160.7028540649044	1183.9483298391583	1903.6811075486469	1833.1481136319424
PWY-7663	gondoate biosynthesis (anaerobic)	1534.7039640987284	1697.691718529758	1513.892739926092	1829.446676081115	1749.6107052543389	1759.301070220763	1497.3172812441285	2881.850598681069	2103.9956475353238	3602.183964360573	2010.5938264567608	3285.933450059328	1313.5225961566705	1834.1772345333868	1116.4350616044646	2033.4226555521932	1475.0749558072416	1605.968824645827	2365.994152699696	1978.538141683235	2416.626061475011	1297.680069859093	2142.572360582784	1811.2676180547887
PWY-841	superpathway of purine nucleotides de novo biosynthesis I	974.176951802582	1192.9376599086083	1030.7619109865818	1125.5889655094786	1218.6698087300229	488.9856975024229	808.2148481173695	1784.336687579412	1044.9541283378549	1493.0642898355643	1067.4477993861008	1157.6962388799848	823.2858266997143	587.856620873118	538.4028639780657	706.6950747941883	943.051531186644	1001.213838115096	1606.0688820010212	1294.5835142640665	1621.2467539467275	928.5863986510084	1507.0919797846798	339.9147045120175
PWY-922	mevalonate pathway I	0.0	10.47372810675563	11.286059275521406	8.220093767759046	8.03136758186492	152.88814560090228	144.66489164706468	473.17166372721925	160.97089337175794	436.1050861318988	313.0822928805282	246.8290038207859	427.6962996994652	263.50333555351153	136.32843094595768	245.1134048654075	13.236363636363638	28.847894187260703	53.53537082568238	15.618374558303888	13.106733754416016	7.689625108979949	2.7867616609876587	138.71575498160044
PWY0-1061	superpathway of L-alanine biosynthesis	0.0	0.0	0.0	0.0	0.0	49.187565088018296	60.49476856514597	538.5613104434912	362.9803432180329	329.92880522704144	318.9193837770184	0.0	0.0	287.0895828262896	68.35873996744955	308.23320931491264	0.0	0.0	0.0	0.0	0.0	0.0	0.0	7.988538758349445
PWY0-1241	ADP-L-glycero-&beta;-D-manno-heptose biosynthesis	125.4275092936803	62.79146674436028	30.49951969260326	66.72469201928227	37.7027027027027	37.72425196234386	123.94479640176716	243.7779265062593	165.53955270537398	330.9100537816114	257.10421638822595	178.09877766765774	38.2906976744186	139.81946796167998	103.43250650026002	139.2274570317988	93.00246264964876	47.24158162582028	58.43952083583523	65.11151696395491	44.786142001710864	190.77195979136067	205.62860082678415	30.29616785854058
PWY0-1296	purine ribonucleosides degradation	313.7125748502994	1009.0059532199624	771.7142185663924	892.7869484408342	527.0961025403086	845.5043619695401	443.8248275862068	994.5474829430206	458.7602099899638	1113.5549872122765	774.4389485375787	2059.068395133753	511.3829670595504	470.52782416392114	314.54800768122897	361.94548518378735	144.7284133901633	191.9211417472089	288.249228164598	371.3819603274048	544.5915279878972	45.61391437740041	470.10398025560136	661.8493712411155
PWY0-1297	superpathway of purine deoxyribonucleosides degradation	210.28840542156905	842.7630981735863	484.3928432884272	446.61256711657984	473.8266142691914	347.5931076406954	403.4222917918932	914.122964406271	382.1729709410619	963.382706237046	651.4447769414022	801.8261479717609	721.3907290246074	428.86461173655647	294.1137569661324	422.3418917131706	149.91798779626015	130.11071300054152	217.46976455180192	109.29363521176224	137.72059185930414	55.44389302875826	456.91602599952176	325.4265070165714
PWY0-1298	superpathway of pyrimidine deoxyribonucleosides degradation	214.57846677740136	808.8648735800073	489.6640450780442	462.1324235168756	467.412329279772	367.33161571092	400.3464797140167	908.2753596248634	383.57074662203416	960.0752129142228	648.4780320624226	845.7821807718917	481.8140823057862	429.7158798898944	293.930885452484	331.6437922658718	155.30981769565966	132.96090909626292	220.20455674657623	117.05270826463976	148.26038731306303	60.22443919441034	459.9243219826673	340.5409303427507
PWY0-1319	CDP-diacylglycerol biosynthesis II	1359.2887029288704	1660.5081853558413	1393.7361756015198	1675.1874090247452	1639.9582763337892	1711.223930691851	1439.0559713415414	2833.0642128551463	2045.0187805264063	3611.988929624	2010.769029170465	3258.490934938277	1424.1176135866235	1900.966636309132	1103.9064768406165	2081.28748023942	1351.9319866849592	1436.3319634165691	2082.7994436528143	1722.3135100238892	2099.3992412407947	1153.0016180493733	1944.6831786045304	1789.466163777816
PWY0-1479	tRNA processing	89.03312444046553	0.0	20.51858504939918	132.60270709903023	64.63542063130294	29.311563067983936	83.06100148935607	59.24695466515039	52.57007336080773	285.52739094149047	210.92284542795767	0.0	0.0	44.08991124714731	81.07037106952532	36.55644614571228	119.51792362164431	28.51136259239153	26.99191111548434	14.66331879204166	42.53505162024692	17.269625878462175	276.1152749843458	12.842851857076628
PWY0-1586	peptidoglycan maturation (meso-diaminopimelate containing)	1084.9926496324815	2055.207333894188	1143.35179526356	1198.703739943466	1610.275115770517	1350.1139010626505	1296.6579384970091	1979.6013264195108	1593.861950468065	2302.798222240073	1370.230044345898	2082.788210234697	1060.3649382453152	1477.2845804227954	1017.4283324761092	1386.5180450263342	1137.7746252090158	1106.7579860784774	1399.4774503059507	1194.9220802684297	1337.064707276606	872.3299131352339	1785.8232843868675	993.8653106192268
PWY0-162	superpathway of pyrimidine ribonucleotides de novo biosynthesis	945.0882089790928	1166.8730510541448	1026.4904865992569	1118.324155199112	1174.03630861836	434.2175156964303	748.91004568686	1688.0679572377055	955.7930615448652	1359.9534945270625	1013.1464312970388	1083.7671407120697	785.6703173696119	524.0337635540104	496.6652924975403	627.725571653371	894.417952230931	951.381086767518	1544.454928091424	1267.0616611465696	1604.3121084255945	897.1273921550547	1457.4655417846448	291.9507601665398
PWY0-166	superpathway of pyrimidine deoxyribonucleotides de novo biosynthesis (E. coli)	335.44617666002665	885.7518735053848	584.6040095002353	536.0909819702661	677.5533695892774	300.7585407312918	504.2021769256721	1227.9454060807811	634.8049823242507	1008.603175492722	754.9806059695643	666.3821877780726	668.304489944979	434.6267521183884	360.1728114195992	488.7375328586424	393.5023431358752	234.3773308290293	402.223991973991	181.5756273763532	225.356358157946	461.0308171270265	818.2609124939008	220.1727663025989
PWY0-781	aspartate superpathway	0.0	0.0	71.74731217006547	85.79194580619195	80.98614286508109	0.0	0.0	0.0	0.0	0.0	0.0	0.0	0.0	0.0	0.0	0.0	95.87219981419022	83.62245160737655	86.03284972331498	71.90068489598771	79.1661106456413	40.15957164384992	32.38033978041408	0.0
PWY0-845	superpathway of pyridoxal 5'-phosphate biosynthesis and salvage	0.0	0.0	0.0	0.0	0.0	51.6451771989437	61.9561402405845	507.02717836094615	338.52382237908137	327.1951302271302	293.50563909649145	0.0	0.0	255.35764694028347	65.75970807611048	292.70390445146245	0.0	0.0	0.0	0.0	0.0	0.0	0.0	8.572477233715103
PWY490-3	nitrate reduction VI (assimilatory)	38.817297297297294	715.863722634903	331.3189655172414	211.09245818870303	367.3119744627842	0.0	0.0	0.0	0.0	0.0	0.0	0.0	0.0	0.0	0.0	0.0	63.9855333499041	35.851163303485606	71.58640596839166	4.498104725831043	28.437550455541466	4.497098034832181	300.8735908938872	0.0
PWY4FS-7	phosphatidylglycerol biosynthesis I (plastidic)	454.9463803811117	927.8741106905547	780.826920501705	1000.0766210540796	518.3952328260765	1027.2292841775272	666.2770135041922	1627.6572000391218	809.7105700373436	2020.899507163654	1361.5842372209418	2480.622886160912	917.1222960059972	1035.2030573847012	568.4313636359119	890.2833231605149	303.0803033054836	218.1675220526509	307.8361796825237	437.66316755122193	608.5722586969981	386.8934020120756	669.2884972815905	856.5312336851287
PWY4FS-8	phosphatidylglycerol biosynthesis II (non-plastidic)	454.9463803811117	927.8741106905547	780.826920501705	1000.0766210540796	518.3952328260765	1027.2292841775272	666.2770135041922	1627.6572000391218	809.7105700373436	2020.899507163654	1361.5842372209418	2480.622886160912	917.1222960059972	1035.2030573847012	568.4313636359119	890.283323160515	303.0803033054836	218.1675220526509	307.8361796825238	437.66316755122193	608.5722586969981	386.8934020120756	669.2884972815904	856.5312336851287
PYRIDNUCSAL-PWY	NAD salvage pathway I	1050.2666810710646	1082.022412538452	1102.5588045743448	1453.1106039331494	1140.6888646381808	1119.7495234511582	519.8024439627346	1491.7746135756386	1210.1369943622888	2458.6742678363617	1165.4201772803892	2411.394689889809	239.23858725333665	1098.542207927967	622.7359248679929	1416.5912693977557	895.149535613011	1079.8859420690617	1690.3137403599198	1367.2247237290835	1726.7421925316028	744.2232283764831	1307.0412403797009	1411.939930188808
PYRIDNUCSYN-PWY	NAD biosynthesis I (from aspartate)	1275.5521187751317	1119.2231538129336	1117.0649143325795	1170.8296094249056	1362.0305369881826	1509.8391122454748	1290.731965408011	2328.3047185026594	1873.4162021796087	3185.567834428015	1703.8223316475912	1707.9538322641108	969.1099634251832	1638.7634476644423	913.5529795870436	1861.841806482459	1296.4395381133947	1387.7478980495175	1992.428814447464	1676.909915173821	2018.5268302577635	1145.809355039431	1728.510742215631	1619.2383878883736
PYRIDOXSYN-PWY	pyridoxal 5'-phosphate biosynthesis I	0.0	0.0	0.0	0.0	0.0	41.80347761525787	51.61345684827789	440.39333801505455	303.6567092208308	273.1806044406614	259.4713525412304	0.0	0.0	240.2954950554249	58.29573939671532	254.98882855196575	0.0	0.0	0.0	0.0	0.0	0.0	0.0	6.829140231339469
RIBOSYN2-PWY	flavin biosynthesis I (bacteria and plants)	1299.191692999357	1482.4169022995086	1268.785177285544	1289.8170129019036	1530.5960862332026	1540.8274695605894	1330.6057353698186	2444.229778123144	1913.9741758149653	3295.8297214566355	1779.7114811732204	1748.2229311810256	1076.7398413648327	1700.7609458994812	946.483826925207	1920.723086623139	1332.3746790182345	1408.5215249609091	2032.5025057581456	1683.786101862995	2034.2739301259555	1164.1857059681406	1871.138608550448	1650.2084875694347
SER-GLYSYN-PWY	superpathway of L-serine and glycine biosynthesis I	1281.8554747122505	1182.020800095676	1144.644324968223	1438.8533986613702	1386.8564838032776	1530.0562325875842	1304.7927259759242	2395.9142243124616	1879.9958997963129	3106.636838957585	1650.845197229988	2739.2273707429413	1045.64318893912	1604.101151990411	968.451388463672	1829.8948466786007	1265.565407673518	1405.5665622597407	2030.4588881539703	1677.1762103378214	2017.7591994399424	1058.369704854951	1693.3203062317575	1631.99734065725
SO4ASSIM-PWY	sulfate reduction I (assimilatory)	69.02075833835782	63.2342857142857	34.09652142072501	0.0	25.084193052735557	34.38550402171034	61.77186821705677	289.4816794779805	198.94322476643035	275.5273614019351	249.3996686442601	0.0	0.0	156.44362508295416	64.89919604854744	163.82683383083514	18.875756289017005	57.58391181305456	82.91693439815388	54.54793542145568	27.582756249415382	28.505618966744837	127.17615210413788	8.856545908898381
SULFATE-CYS-PWY	superpathway of sulfate assimilation and cysteine biosynthesis	145.43311976513434	133.9167237447671	73.8424056636586	0.0	55.23402428870824	74.97848356751754	130.95765939292505	561.2347333844277	393.0704371605592	549.2328833016837	463.95518355945205	0.0	0.0	311.3618038675038	134.60661065114462	327.7217992022492	41.69133930724836	123.12602248358672	177.25698559103006	117.77753113437164	60.97435752902605	62.04883950051788	262.28121765482314	19.752164128888555
TCA	TCA cycle I (prokaryotic)	363.6640995048933	0.0	476.75690045551113	690.4947411421927	57.96718505451581	732.3669085954964	339.91129530014337	878.5915304734509	552.4987053878893	1480.1839308700855	948.4809221365596	1085.3814719491372	36.686889052839405	712.7387706286069	294.4770975807727	571.1891820476148	68.3650401579567	144.44999254048858	151.2366067935205	413.6679884277474	577.6890691785894	60.117902709063074	123.78316069943074	736.6479116343687
TEICHOICACID-PWY	teichoic acid (poly-glycerol) biosynthesis	0.0	0.0	0.0	0.0	0.0	92.52367958519302	36.43929889849554	324.36197473615067	81.66260936725703	193.8360736803397	176.61097499937443	74.45401881866285	335.35361646143315	38.579876722306	92.45264014293166	85.46166618853711	0.0	0.0	0.0	0.0	0.0	0.0	0.0	79.79304837751921
THISYN-PWY	superpathway of thiamin diphosphate biosynthesis I	1432.1411186643527	1240.831363493995	1121.7397353073195	1260.4711365582198	1567.2836908420986	1435.68908627241	1440.3011171532758	2415.7733276712465	1966.1598248365804	3098.5345024775447	1707.3805694396458	1767.2837150093158	1111.911938062747	1713.2150591798506	1057.583600633592	1821.0676401163428	1475.948324548474	1540.0255596192735	2171.838995927635	1851.837019789789	2201.6305268332967	1312.297074288056	1990.117995666592	1432.518053003243
THRESYN-PWY	superpathway of L-threonine biosynthesis	1549.9691667961597	1831.8379258246152	1530.3819598253958	1827.166492611117	1886.9227406837203	1807.065462474913	1627.4342577532536	2962.4898985604736	2273.077429741107	3779.071755495445	2011.690068106968	3176.6667625459268	1384.720397168209	1910.295067061675	1195.8281305656865	2196.90570437603	1591.45153642866	1680.3444944632424	2439.232820028497	1981.674859333104	2405.649722205969	1359.4571472532955	2222.020425839418	1940.472894315066
TRNA-CHARGING-PWY	tRNA charging	1376.6508697441325	1608.628888000415	1355.719907435974	1633.1392800123929	1623.6879817265242	1670.318482673871	1459.670763114565	2826.579705486514	2070.088240045675	3609.7374198098255	1993.8608877735228	3014.061663713072	1406.2484278499169	1889.962918943844	1113.7256523626927	2096.5108314300983	1379.9234165605674	1464.3009541067374	2121.5764351623025	1740.417413554013	2104.84646499549	1197.0035662968523	1962.4117594814704	1770.679993335927
TRPSYN-PWY	L-tryptophan biosynthesis	1470.0665188470068	1552.5091551576784	1373.233246724053	1693.721597264325	1666.9664599063178	1674.9610801958568	1441.1846824202532	2631.0848700314345	2119.3065860465017	3523.782626080016	1899.278053877676	3023.6165445779807	1051.8702841650254	1820.20052050432	1083.998266926514	2066.6376120074738	1464.3806582926338	1555.7444983740252	2241.4996212707574	1865.1633112577508	2253.4224940443914	1274.9033810651408	2042.3648346485504	1787.048479625456
UDPNAGSYN-PWY	UDP-N-acetyl-D-glucosamine biosynthesis I	268.8898448046974	735.9470082650734	423.5199418717832	790.6014713015984	435.27708383377376	305.6426383737765	400.2090422561536	902.3304948297828	351.1212475896235	977.8912986134776	660.5832970410867	2014.2421972780385	742.9319814600233	479.7350675144753	413.0505410003241	422.7606550607172	215.22875627115664	113.3942930676759	187.9250212564668	93.30388064384772	116.8262583455656	280.5981113520595	521.574597673121	293.03490254811965
VALSYN-PWY	L-valine biosynthesis	1596.8486770398658	1861.0024987579827	1571.9400705333371	1905.7419254864749	1843.6542746443183	1813.612651949023	1554.6712757492633	2743.799218548485	2186.458370894568	3777.892238040562	2043.7876798542864	3390.462337283611	1132.2348252901168	1896.6740879891884	1167.4485925661825	2128.486371375638	1569.9365294700838	1639.2366683842308	2361.057219988691	1979.4846745571097	2395.304561532294	1397.7628707904091	2272.962283967009	1916.215881746795
